--
-- Dumping data for table `contacts_contact`
--

INSERT INTO `contacts_contact` (`id`, `naam`, `adres`, `postcode`, `plaats`, `telefoon`, `mobiel`, `emailadress`, `soort`, `soort_lid`, `rekening_nr`, `status`, `image`, `memo`, `datum_inserted`, `datum_updated`, `voornaam`, `slug`) VALUES
(2, 'Jan Jansen', 'Hoofdstraat 1', '1625DE', 'Hoorn', '61234512345', '61234512345', 'janjansen@vitanova.org', 4, 0, 'NL', 0, NULL, 'Dit is het eerste Lid', '2020-08-19 14:11:37.000000', '2020-08-19 14:11:37.000000', '', 'slug'),
(3, 'Jorgen van der Hoeven', 'onbekend', 'xxxxyy', 'onbekend', '1235678911', '0611711287', 'j.verhoeven2@chello.nl', 4, 0, 'NL', 0, '', 'Dit is de tweede', '2020-08-19 14:16:20.000000', '2020-11-30 20:38:36.290590', 'Jorgen', 'jorgen-van-der-hoeven'),
(4, 'Clif Jansen', 'Damstraat 6 , 2 Hoog', '1000BD', 'Amsterdam', '0', '0', 'clifjansen@vitanova.nl', 4, 0, 'NL', 1, NULL, 'Oprichter van de Fanclub \"Cliff and his Loanstars', '2020-08-19 14:23:40.000000', '2020-08-19 14:23:40.000000', '', 'slug'),
(5, 'Mike Tomson', 'Damstraat 12, 3 hoog', '1000AA', 'Amsterdam', '0', '0', 'mike@tomson.org', 4, 0, 'NL', 0, NULL, '', '2020-08-19 15:45:28.000000', '2020-08-19 15:45:28.000000', '', 'slug'),
(6, 'Toko Yoko', 'Tonijnstraat 5', '1200BE', 'Heerhgoward', '0', '0', 'info@tokoyoko.nl', 4, 0, 'NL', 0, NULL, '', '2020-08-19 15:50:56.000000', '2020-08-19 15:50:56.000000', '', 'slug'),
(7, 'Frans Maas', 'Korte Straat 6', '9331NL', 'Appingedam', '0', '0', 'Frans@zaalmaas.nl', 4, 0, 'NL', 0, NULL, '', '2020-08-19 15:54:01.000000', '2020-08-19 15:54:01.000000', '', 'slug'),
(8, 'Christiaan Mulder', 'Kerkstraat 10b', '1621CW', 'Hoorn', '229210608', '0', 'info@huisverloren.nl', 9, 3, 'NL', 1, '', '', '2020-08-19 18:54:14.000000', '2020-08-19 18:54:14.000000', '', 'slug'),
(9, 'Truus Ammeraal', 'Grote Oost 58 – 60', '1621BX', 'Hoorn', '22921909', '614179444', 'info@oosterkerk.nl', 9, 3, 'NL', 0, '', '', '2020-08-19 18:58:52.000000', '2020-08-19 18:58:52.000000', '', 'slug'),
(10, 'Daphne', 'Dorpsstraat 175', '1689G', 'Zwaag', '229261473', '620678838', 'info@dewittevalk.nl', 9, 0, 'NL', 1, '', '', '2020-08-19 19:03:25.000000', '2020-08-19 19:03:25.000000', '', 'slug'),
(11, 'Amy Fosss', 'Onbekend', '1000AA', 'Onbekend', '653134683', '648606828', 'info@onbekend.nl', 5, 0, 'NL', 0, '', '', '2020-08-19 19:07:31.000000', '2020-08-19 19:07:31.000000', '', 'slug'),
(12, 'Eric Alders', 'Westerblokker 80', 'onbeke', 'Zwaag', '2292326691', '612345678', 'info@goudenhoofd.nl', 9, 0, 'NL', 0, '', 'm.boersma11@kpnplanet.nl', '2020-08-20 22:22:33.000000', '2020-08-20 22:22:33.000000', '', 'slug'),
(13, 'CiCi 01', 'onbekend', 'xxxxyy', 'onbekend', '123456789', '123498765', 'onbekend@1234.nl', 5, 0, 'NL', 0, '', '', '2020-08-21 19:24:44.000000', '2020-08-21 19:24:44.000000', '', 'slug'),
(14, 'Klaas Singer', 'onbekend', 'xxxxyy', 'onbekend', '02295733', '0612345679', 'klaassinger@gmail.com', 7, 0, 'NL', 0, '', 'www.thesixtiesbanddestoel.nl', '2020-08-21 20:33:41.000000', '2020-08-21 20:33:41.000000', '', 'slug'),
(15, 'Will Merkx', 'onbekend', 'xxxxyy', 'Koog aan de Zaan', '756161681', '650284376', 'h.merkxneyndorff@upcmail.nl', 7, 0, 'NL', 0, '', 'www.blackmail-countrymusic.nl', '2020-08-22 19:19:12.000000', '2020-08-22 19:19:12.000000', '', 'slug'),
(16, 'Erlo van der Hoeven', 'onbekend', 'xxxxyy', 'Zaandam', '123456789', '062709210', 'erlo.streetrollers@gmail.com', 7, 0, 'NL', 0, '', 'www.thestreetrollers.webnode.nl/over-ons', '2020-08-22 19:23:29.000000', '2020-08-22 19:23:29.000000', '', 'slug'),
(17, 'Brain Leepel', 'onbekend', 'xxxxyy', 'Den Helder', '647679948', '628400959', 'labsimons@live.nl', 7, 0, 'NL', 0, '', 'www.wipeoutselection.nl', '2020-08-22 19:41:37.000000', '2020-08-22 19:41:37.000000', '', 'slug'),
(18, 'Martin', 'onbekend', 'xxxxyy', 'Zaandam', '123456789', '123456789', 'onbekend@1234.nl', 7, 0, 'NL', 0, '', 'x', '2020-08-23 18:47:21.000000', '2020-08-23 18:47:21.000000', '', 'slug'),
(19, 'Lannie dummy', 'o', 'xxxxyy', 'Hoorn', '123456789', '123456789', 'onbekend@1234.nl', 3, 0, 'NL', 0, '', '', '2020-08-23 19:32:23.000000', '2020-08-23 19:32:23.000000', '', 'slug'),
(20, 'Fried Holtkamp', 'onbekend', 'xxxxyy', 'Hoorn', '0', '0637166146', 'friedholtkamp@hotmail.com', 4, 0, 'NL', 0, '', 'www.mordants.nl', '2020-08-24 16:12:30.000000', '2020-08-24 16:12:30.000000', '', 'slug'),
(21, 'Co Bruijns', 'onbekend', 'xxxxyy', 'Hoorn', '0229262915', '0683543752', 'cobruijns@hotmail.com', 4, 0, 'NL', 0, '', '', '2020-08-24 16:22:20.000000', '2020-08-24 16:22:20.000000', '', 'slug'),
(22, 'Shirley Salomon', 'onbekend', 'xxxxyy', 'onbekend', '0', '06 21872413', 'shirleysalomon@gmail.com', 4, 0, 'NL', 0, '', '', '2020-08-25 12:37:48.000000', '2020-08-25 12:37:48.000000', '', 'slug'),
(23, 'George Kwekel', 'Smitsweg 51', '3222AG', 'Hellevoetsluis', '1813243106', '612345678', 'indische@artiesten.club', 4, 0, 'NL', 0, NULL, '', '2020-08-25 12:48:01.000000', '2020-08-25 12:48:01.000000', '', 'slug'),
(24, 'Wim Geertman', 'onbekend', 'xxxxyy', 'onbekend', '', '06-52 12 55 08', 'wh.geertman@quicknet.nl', 4, 0, 'NL', 1, '', '', '2020-08-25 13:03:48.000000', '2020-08-25 13:03:48.000000', '', 'slug'),
(25, 'Peter de Wilde', '', '', '', '0228-315 511', '', 'info@foreesterhuis.nl', 0, 0, 'NL', 0, '', '', '2020-09-11 14:43:40.000000', '2020-09-11 14:43:40.000000', '', 'slug'),
(26, 'Nog onbekend', 'Harnjesweg 84', '6706AV', 'Wageningen', '0412624476', '', 'tjio.thea@gmail.com', 0, 0, 'NL', 0, '', '', '2020-09-11 15:06:58.000000', '2020-09-11 15:06:58.000000', '', 'slug'),
(27, 'Aaron Meyer (zang)', '', '', 'Zaandam', '', '', '', 4, 0, 'NL', 0, '', '', '2020-09-11 15:32:40.000000', '2020-09-11 15:32:40.000000', '', 'slug'),
(28, 'Aad en Corrie Laan', '', '', '', '0229 – 231922', '', 'alaan@kpnmail.nl', 1, 0, 'NL', 0, '', '', '2020-09-11 17:44:36.000000', '2020-09-11 17:44:36.000000', '', 'slug'),
(29, 'Martherus', '', '', '', '', '', 'andre.martherus@hetnet.nl', 1, 0, 'NL', 0, '', '', '2020-09-11 17:44:36.000000', '2020-09-11 17:44:36.000000', '', 'slug'),
(30, 'Andries Posthuma', '', '', '', '06 – 35365030', '', 'andriesposthuma@gmail.com', 1, 0, 'NL', 0, '', '', '2020-09-11 17:44:36.000000', '2020-09-11 17:44:36.000000', '', 'slug'),
(31, 'A. M. de Calonne', '', '', '', '06 – 36300734', '', 'anitamdec2@hotmail.nl', 1, 0, 'NL', 0, '', '', '2020-09-11 17:44:36.000000', '2020-09-11 17:44:36.000000', '', 'slug'),
(32, 'Anneke Duursma', '', '', 'Hoorn', '0229 – 216692', '', 'annekeduursma@gmail.com', 1, 0, 'NL', 0, '', 'Dans / Acara / Ok', '2020-09-11 17:44:36.000000', '2020-09-11 17:44:36.000000', '', 'slug'),
(33, 'Anneke Nieuwbuurt', '', '', '', '', '', 'annekenieuwbuurt@live.nl', 1, 0, 'NL', 0, '', 'Dans / Acara', '2020-09-11 17:44:37.000000', '2020-09-11 17:44:37.000000', '', 'slug'),
(34, 'A. Bijl', '', '', '', '', '', 'bepan@ziggo.nl', 1, 0, 'NL', 0, '', '', '2020-09-11 17:44:37.000000', '2020-09-11 17:44:37.000000', '', 'slug'),
(35, 'BepFritz48@gmail.com', '', '', '', '', '', 'bepfritz48@gmail.com', 1, 0, 'NL', 0, '', '', '2020-09-11 17:44:37.000000', '2020-09-11 17:44:37.000000', '', 'slug'),
(36, 'J. Bruisma', '', '', '', '', '', 'bruinsmajopie@gmail.com,', 0, 0, 'NL', 0, '', '', '2020-09-11 17:44:37.691152', '2020-09-11 17:44:37.691167', '', 'slug'),
(37, 'Sebastiaan kahle', '', '1623rk', 'Hoorn', '', '', 'carenbas@gmail.com', 1, 0, 'NL', 0, '', '', '2020-09-11 17:44:37.000000', '2020-09-11 17:44:37.000000', '', 'slug'),
(38, 'Carla Overtoom', '', '', '', '', '', 'carlalovesalsa@hotmail.com', 1, 0, 'NL', 0, '', 'Dans / Acara', '2020-09-11 17:44:37.000000', '2020-09-11 17:44:37.000000', '', 'slug'),
(39, 'Carmen Bali', '', '', '', '', '', '', 1, 0, 'NL', 0, '', '', '2020-09-11 17:44:38.000000', '2020-09-11 17:44:38.000000', '', 'slug'),
(40, 'Cees', '', '', '', '', '', 'cjmsmit@zonnet.nl', 1, 0, 'NL', 0, '', '', '2020-09-11 17:48:48.000000', '2020-09-11 17:48:48.000000', '', 'slug'),
(41, 'C. Lokker', '', '', '', '06-83860736', '', 'clokker1960@hotmail.com', 1, 0, 'NL', 0, '', '', '2020-09-11 17:48:48.000000', '2020-09-11 17:48:48.000000', '', 'slug'),
(42, 'M. De Niet', '', '', '', '', '', 'denietmarleen@gmail.com', 1, 0, 'NL', 0, '', '', '2020-09-11 17:48:48.000000', '2020-09-11 17:48:48.000000', '', 'slug'),
(43, 'E.HartmanKoh', '', '', '', '06 – 53421819', '', 'e.hartmankokgome2@quicknet.nl', 1, 0, 'NL', 0, '', '', '2020-09-11 17:48:48.000000', '2020-09-11 17:48:48.000000', '', 'slug'),
(44, 'E.Manuhutu', '', '', 'Haarlem', '', '', 'e.manuhutu@upcmail.nl', 1, 0, 'NL', 0, '', '', '2020-09-11 17:48:48.000000', '2020-09-11 17:48:48.000000', '', 'slug'),
(45, 'Eddy Cretier', '', '', '', '', '', 'eh.cretier@planet.nl', 1, 0, 'NL', 0, '', '', '2020-09-11 17:48:49.000000', '2020-09-11 17:48:49.000000', '', 'slug'),
(46, 'E. Keet', '', '', '', '', '', 'emj.keet@hetnet.nl', 1, 0, 'NL', 0, '', '', '2020-09-11 17:48:49.000000', '2020-09-11 17:48:49.000000', '', 'slug'),
(47, 'Endang Stoke', '', '', '', '', '', '', 1, 0, 'NL', 0, '', '', '2020-09-11 17:48:49.000000', '2020-09-11 17:48:49.000000', '', 'slug'),
(48, 'Stulp', '', '', 'Hoorn', '06 – 33864333', '', 'froukstulp@hotmail.com', 1, 0, 'NL', 0, '', '', '2020-09-11 17:51:28.000000', '2020-09-11 17:51:28.000000', '', 'slug'),
(49, 'G. S. Stelling', '', '', '', '06-55812690', '', 'gustaaf_stelling@hotmail.com', 1, 0, 'NL', 0, '', '', '2020-09-11 17:51:28.000000', '2020-09-11 17:51:28.000000', '', 'slug'),
(50, 'Anne Mieke Baudain', '', '', 'Hoorn', '', '', 'helderzienhoorn@gmail.com', 1, 0, 'NL', 0, '', '', '2020-09-11 17:51:29.000000', '2020-09-11 17:51:29.000000', '', 'slug'),
(51, 'H P Brandsma', '', '', '', '', '', '', 1, 0, 'NL', 0, '', '', '2020-09-11 17:51:29.000000', '2020-09-11 17:51:29.000000', '', 'slug'),
(52, 'Huib Kneepkens', '', '', 'Amsterdam', '06 –  83715923', '', 'huibkneepkens@hotmail.com', 1, 0, 'NL', 0, '', '', '2020-09-11 17:54:14.000000', '2020-09-11 17:54:14.000000', '', 'slug'),
(53, 'Martin en Ineke Janssen', '', '', '', '', '', 'ienepien52@hotmail.com', 1, 0, 'NL', 0, '', '', '2020-09-11 17:54:14.000000', '2020-09-11 17:54:14.000000', '', 'slug'),
(54, 'Irma Hollander', '', '1507nh', 'Zaandam', '', '', 'irmahollander@kpnmail.nl', 1, 0, 'NL', 0, '', '', '2020-09-11 17:54:14.000000', '2020-09-11 17:54:14.000000', '', 'slug'),
(55, 'Bron', '', '1506KP', 'Zaandam', '', '', 'j.bronq@upcmail.nl', 1, 0, 'NL', 0, '', '', '2020-09-11 17:54:14.000000', '2020-12-01 20:02:34.891648', 'Jenny', 'bron'),
(56, 'Joke. F. Neijman (Harrij)', '', '', '', '0229 – 243177', '', 'jfnvdb@gmail.com', 1, 0, 'NL', 0, '', '', '2020-09-11 17:54:14.000000', '2020-09-11 17:54:14.000000', '', 'slug'),
(57, 'Jimmyjohn704', '', '', '', '', '', 'jimmyjohn704@hotmail.com', 1, 0, 'NL', 0, '', '', '2020-09-11 17:54:15.000000', '2020-09-11 17:54:15.000000', '', 'slug'),
(58, 'Jimmy Schaper', '', '', 'hoorn', '', '', 'jimmyschaper@yahoo.co.uk', 1, 0, 'NL', 0, '', '', '2020-09-11 17:54:15.000000', '2020-09-11 17:54:15.000000', '', 'slug'),
(59, 'John van der Beek', '', '', 'Haarlem', '023 – 5376398', '', 'john.vanderbeek@', 0, 0, 'NL', 0, '', '', '2020-09-11 17:54:15.411938', '2020-09-11 17:54:15.411953', '', 'slug'),
(60, 'Jose Hooper', '', '1628ev', 'Hoorn', '', '', 'josehooper52@gmail.com', 1, 0, 'NL', 0, '', '', '2020-09-11 17:54:15.000000', '2020-09-11 17:54:15.000000', '', 'slug'),
(61, 'Inge Klaver', '', '1695cb', 'Blokker', '', '', 'klaverkho@hotmail.com', 1, 0, 'NL', 0, '', '', '2020-09-11 17:54:15.000000', '2020-09-11 17:54:15.000000', '', 'slug'),
(62, 'R. van Ginkel', '', '', '', '06 – 42631961', '', 'kyokosusan@hotmail.com', 1, 0, 'NL', 0, '', '', '2020-09-11 17:54:15.000000', '2020-09-11 17:54:15.000000', '', 'slug'),
(63, 'Toko Lanny', '', '', '', '', '', 'Lanny@123.nl', 1, 0, 'NL', 0, '', '', '2020-09-11 17:54:15.000000', '2020-09-11 17:54:15.000000', '', 'slug'),
(64, 'Lindi', '', '', '', '', '', 'lindi@ziggo.nl', 1, 0, 'NL', 0, '', '', '2020-09-11 17:54:16.000000', '2020-09-11 17:54:16.000000', '', 'slug'),
(65, 'Louise Postma Bongers', '', '', '', '', '', 'louise_post@hotmail.com', 1, 0, 'NL', 0, '', '', '2020-09-11 17:54:16.000000', '2020-09-11 17:54:16.000000', '', 'slug'),
(66, 'Gan', '', '1621mp', 'Hoorn', '', '', 'lout.anke@gmail.com', 1, 0, 'NL', 0, '', '', '2020-09-11 17:54:16.000000', '2020-09-11 17:54:16.000000', '', 'slug'),
(67, 'Luana Narua', '', '1629zd', 'Hoorn', '', '', 'luananarua@hotmail.com', 1, 0, 'NL', 0, '', '', '2020-09-11 17:54:16.000000', '2020-09-11 17:54:16.000000', '', 'slug'),
(68, 'Luuk Franke', '', '', '', '06-30797229', '', 'luukfranke@gmail.com', 1, 0, 'NL', 0, '', '', '2020-09-11 17:54:16.000000', '2020-09-11 17:54:16.000000', '', 'slug'),
(69, 'Monique Coers', '', '', '', '06-30761180', '', 'm.coers@pelita.nl', 1, 0, 'NL', 0, '', '', '2020-09-11 17:54:16.000000', '2020-09-11 17:54:16.000000', '', 'slug'),
(70, 'm.a.h. rooijen', '', '', '', '', '', 'mah.vrooijen@quicknet.nl', 1, 0, 'NL', 0, '', '', '2020-09-11 17:54:16.000000', '2020-09-11 17:54:16.000000', '', 'slug'),
(71, 'Harrij. J. Pattiradjawane', '', '', '', '', '', 'makaui2@hotmail.com', 1, 0, 'NL', 0, '', '', '2020-09-11 17:54:17.000000', '2020-09-11 17:54:17.000000', '', 'slug'),
(72, 'Kampfraat', '', '', '', '', '', 'marjonkampfraat@hotmail.com', 1, 0, 'NL', 0, '', '', '2020-09-11 17:54:17.000000', '2020-09-11 17:54:17.000000', '', 'slug'),
(73, 'M. Hoorn', '', '1718az', 'Hoogwoud', '', '', 'mate-1947@hotmail.com', 1, 0, 'NL', 0, '', '', '2020-09-11 17:54:17.000000', '2020-09-11 17:54:17.000000', '', 'slug'),
(74, 'Nani de Ruiter', '', '1625hd', 'Hoorn', '', '', 'nanideruiter@kpnmail.nl', 1, 0, 'NL', 0, '', '', '2020-09-11 17:54:17.000000', '2020-09-11 17:54:17.000000', '', 'slug'),
(75, 'Nel ter Woort', '', '', '', '', '', 'nelbakker@msn.com', 1, 0, 'NL', 0, '', '', '2020-09-11 17:54:18.000000', '2020-09-11 17:54:18.000000', '', 'slug'),
(76, 'Nelly Kaayk', '', '', 'Hoorn', '06 – 46912428', '', 'nelly.kaayk@quicknet.nl', 1, 0, 'NL', 0, '', '', '2020-09-11 17:54:18.000000', '2020-09-11 17:54:18.000000', '', 'slug'),
(77, 'O. Coenraad', '', '', '', '0229-239357', '', 'ottonel20@gmail.com', 1, 0, 'NL', 0, '', '', '2020-09-11 17:54:18.000000', '2020-09-11 17:54:18.000000', '', 'slug'),
(78, 'Paul Nijhof', '', '', '', '', '', 'paulnijhof47@gmail.com', 1, 0, 'NL', 0, '', '', '2020-09-11 17:54:18.000000', '2020-09-11 17:54:18.000000', '', 'slug'),
(79, 'Peter de Rooij', '', '', '', '', '', 'pgmderooij@gmail.com', 1, 0, 'NL', 0, '', '', '2020-09-11 17:54:18.000000', '2020-09-11 17:54:18.000000', '', 'slug'),
(80, 'Pia van de Broek', '', '', '', '', '', 'piavandenbroek@hotmail.com', 1, 0, 'NL', 0, '', '', '2020-09-11 17:54:18.000000', '2020-09-11 17:54:18.000000', '', 'slug'),
(81, 'Roland Eilbracht', '', '', '', '06 – 38509900', '', 'r.d.eilbracht@casema.nl', 1, 0, 'NL', 0, '', '', '2020-09-11 17:54:19.000000', '2020-09-11 17:54:19.000000', '', 'slug'),
(82, 'R. Schenk', '', '', '', '', '', 'r.schenk@quicknet.nl', 1, 0, 'NL', 0, '', '', '2020-09-11 17:54:19.000000', '2020-09-11 17:54:19.000000', '', 'slug'),
(83, 'Richard Monkau', '', '', 'Hoorn', '', '', 'richard.monkau@gmail.com', 1, 0, 'NL', 0, '', '', '2020-09-11 17:54:19.000000', '2020-09-11 17:54:19.000000', '', 'slug'),
(84, 'Rita Doest', '', '', '', '', '', '', 1, 0, 'NL', 0, '', '', '2020-09-11 17:54:19.000000', '2020-09-11 17:54:19.000000', '', 'slug'),
(85, 'Rosita Bongers', '', '', '', '', '', 'rositabongers@hotmail.com', 1, 0, 'NL', 0, '', '', '2020-09-11 17:56:23.000000', '2020-09-11 17:56:23.000000', '', 'slug'),
(86, 'Hulst', '', '', '', '', '', 'rshulst@hotmail.com', 1, 0, 'NL', 0, '', '', '2020-09-11 17:56:23.000000', '2020-09-11 17:56:23.000000', '', 'slug'),
(87, 'R. J. van Eldik', '', '', '', '', '', 'ruudvaneldik@gmail.com', 1, 0, 'NL', 0, '', '', '2020-09-11 17:56:23.000000', '2020-09-11 17:56:23.000000', '', 'slug'),
(88, 'Saninda', '', '', 'Medemblik', '06 – 52362914', '', 'Sarinda123@hotmail.nl', 1, 0, 'NL', 0, '', '', '2020-09-11 17:56:24.000000', '2020-09-11 17:56:24.000000', '', 'slug'),
(89, 'Stoffels', '', '', '', '', '', 'stoffelsc@ziggo.nl', 1, 0, 'NL', 0, '', '', '2020-09-11 17:56:24.000000', '2020-09-11 17:56:24.000000', '', 'slug'),
(90, 'Sylvia Leyting', '', '1628xr', '', '06 – 50129692', '', 'sylvia.leyting@gmail.com', 1, 0, 'NL', 0, '', '', '2020-09-11 17:56:24.000000', '2020-11-24 14:31:09.229461', 'Sylvia en', 'sylvia-leyting'),
(91, 'F. S. Leijting (Sylvia)', '', '1628xr', 'Hoorn', '', '', 'sylvia.leyting@gmail.com', 1, 0, 'NL', 0, '', '', '2020-09-11 17:56:25.000000', '2020-11-24 14:32:52.478022', 'Sylvia', 'f-s-leijting-sylvia'),
(92, 'Wim Daniels', '', '1628gx', 'Hoorn', '', '', 'tdanielse@quicknet.nl', 1, 0, 'NL', 0, '', '', '2020-09-11 17:56:25.000000', '2020-09-11 17:56:25.000000', '', 'slug'),
(93, 'Trouwerbach', '', '1695hr', 'Blokker', '', '', 'trouwerbach@quicknet.nl', 1, 0, 'NL', 0, '', '', '2020-09-11 17:56:25.000000', '2020-09-11 17:56:25.000000', '', 'slug'),
(94, 'Loek en Narda van Lochem', '', '', '', '', '', 'vanlochems@planet.nl', 1, 0, 'NL', 0, '', '', '2020-09-11 17:56:26.000000', '2020-09-11 17:56:26.000000', '', 'slug'),
(95, 'W. S. Figueira', '', '', 'Alkmaar', '072 – 5649219', '', 'w.figueira@upcmail.nl', 1, 0, 'NL', 0, '', '', '2020-09-11 17:56:26.000000', '2020-09-11 17:56:26.000000', '', 'slug'),
(96, 'w.niklaas', '', '', '', '', '', 'w.niklaas@gmail.com', 1, 0, 'NL', 0, '', '', '2020-09-11 17:56:26.000000', '2020-09-11 17:56:26.000000', '', 'slug'),
(97, 'M. O. vd Waa-Meents', '', '1628gx', 'Hoorn', '', '', 'waaza@quicknet.nl', 1, 0, 'NL', 0, '', '', '2020-09-11 17:56:26.000000', '2020-09-11 17:56:26.000000', '', 'slug'),
(98, 'J.Bothe', '', '1695am', 'Blokker', '', '', '', 1, 0, 'NL', 0, '', '', '2020-09-11 17:56:26.000000', '2020-09-11 17:56:26.000000', '', 'slug'),
(99, 'xxxhoeven', '', '', 'Assendelft', '', '', '', 1, 0, 'NL', 0, '', '', '2020-09-11 17:56:27.000000', '2020-09-11 17:56:27.000000', '', 'slug'),
(100, 'Ankie Ten Haaf', '', '1624TH', 'Hoorn', '', '', '', 1, 0, 'NL', 0, '', '', '2020-09-11 17:56:27.000000', '2020-09-11 17:56:27.000000', '', 'slug'),
(101, 'Joke/Harrij Neijman', '', '', '', '', '', '', 1, 0, 'NL', 0, '', '', '2020-09-11 17:56:27.000000', '2020-09-11 17:56:27.000000', '', 'slug'),
(103, 'Henny Mulsch', '', '1689sm', 'Zwaag', '', '', '', 1, 0, 'NL', 0, '', '', '2020-09-11 17:56:28.000000', '2020-09-11 17:56:28.000000', '', 'slug'),
(104, 'Ben /Naney', '', '1687pb', 'wognum', '', '', '', 1, 0, 'NL', 0, '', '', '2020-09-11 17:56:28.000000', '2020-09-11 17:56:28.000000', '', 'slug'),
(105, 'Lily vd Berg', '', '', '', '', '', '', 1, 0, 'NL', 0, '', '', '2020-09-11 17:56:28.000000', '2020-09-11 17:56:28.000000', '', 'slug'),
(106, 'Loet', '', '', '', '', '', '', 1, 0, 'NL', 0, '', '', '2020-09-11 17:56:28.000000', '2020-09-11 17:56:28.000000', '', 'slug'),
(107, 'niet ingevuld', '', '', '', '06 – 23131394', '', '', 0, 0, 'NL', 0, '', '', '2020-09-11 17:56:28.938808', '2020-09-11 17:56:28.938826', '', 'slug'),
(108, 'Hoeven', '', '', '', '', '', '', 1, 0, 'NL', 0, '', '', '2020-09-11 17:56:29.000000', '2020-09-11 17:56:29.000000', '', 'slug'),
(109, 'Franky Harmusil', '', '', 'Den Haag en omstreken ?', '0412624476', '06 46598547', 'dansayokdansa@gmail.com', 6, 0, 'NL', 0, '', 'www.dansayokdansa.nl', '2020-09-15 11:32:17.000000', '2020-09-15 11:32:17.000000', '', 'slug'),
(110, 'Nog onbekend', '', '', '', '', '', '', 0, 0, 'NL', 0, '', '', '2020-09-15 12:35:55.000000', '2020-09-15 12:35:55.000000', '', 'slug'),
(111, 'leni Landweer (Angklung)', '', '', '', '', '0621241300', 'lenilandweer@gmail.com', 0, 0, 'NL', 0, '', 'Angklung\r\n\r\nLeni Landweer\r\n0621241300\r\nwww.pesonaculture.com\r\nwww.angklung.nl', '2020-09-15 13:22:32.000000', '2020-09-15 13:22:32.000000', '', 'slug'),
(112, 'Andre Jacobs', '', '', '', '0575-528953', '06-38303916', 'a.jacobs56@upcmail.nl', 0, 0, 'NL', 0, '', 'Temanteman\r\nReeds overleden', '2020-10-14 20:00:09.000000', '2020-10-14 20:00:10.000000', '', 'slug'),
(113, 'Piet Danse', '', '', '', '', '06-2939320', '', 0, 0, 'NL', 0, '', 'Contact persoon  gelegenheids-band (Ramona).\r\n\r\nTelefoonnummer is niet compleet.', '2020-10-14 20:10:58.000000', '2020-10-14 20:10:58.000000', '', 'slug'),
(114, 'Junius', 'onbekend', '', '', '', '06 54746285', 'junius_tiareotahiti@hotmail.com', 0, 0, 'NL', 0, '', '', '2020-10-19 19:13:49.000000', '2020-10-19 19:13:49.000000', '', 'slug'),
(115, 'René Bes', 'onbekend', '', '', '', '06 22170099', 'info@theredpack.nl', 0, 0, 'NL', 0, '', 'Bes promotions\r\n\r\nwww.theredpack.nl', '2020-10-19 19:36:24.000000', '2020-10-19 19:36:24.000000', '', 'slug'),
(116, 'Cliff Breton van Groll', 'onbekend', '', '', '', '06 42725412', 'info@lonestars.nl', 7, 0, 'NL', 0, '', '', '2020-11-03 14:45:55.000000', '2020-11-24 14:49:43.201843', '', 'cliff-breton-van-groll'),
(117, 'Dick', 'onbekend', '', '', '', '06 58890342', 'thebluedevils@gmail.com', 7, 0, 'NL', 0, '', '', '2020-11-03 14:56:30.000000', '2020-11-24 14:49:09.261171', '', 'dick'),
(118, 'onbekend', '', '', '', '', '06 23981063', '', 0, 0, 'NL', 0, '', '', '2020-11-03 15:02:35.000000', '2020-11-03 15:02:35.000000', '', 'slug'),
(119, 'Stichting het gehandicapte kind', 'Wibautstraat 212-214', '1091GS', 'Amsterdam', '020-6791200', '', '', 2, 0, 'NL', 0, 'media/Screenshot_20201110-114132_NHD_digikrant_QGi7aDr.jpg', 'het Gehandicapte Kind\r\nWibautstraat 212-214\r\n1091 GS Amsterdam\r\n  Tel. 020-6791200\r\nFacebook Instagram Youtube Twitter \r\nBankrekening\r\nIBAN: NL76 RABO 0334 4334 44\r\nKvK nummer\r\nS 41199157\r\nBTW nummer\r\n0029. 59.173.B.01', '2020-11-10 10:46:49.000000', '2020-12-01 19:59:31.179006', '', 'stichting-het-gehandicapte-kind'),
(122, 'Ron Bruin', 'onbekend', '', '', '', '06 25021257', '', 0, 0, 'NL', 0, '', '', '2020-11-12 20:19:45.000000', '2020-11-24 14:33:46.827028', 'Ron', 'ron-bruin'),
(123, 'Frans v.d. Brand Horninge', '', '', '', '', '06 46242584', 'lookatfrans@ziggo.nl', 7, 0, 'NL', 0, '', '2e contact:  Carl Tentua\r\n0181 214360', '2020-11-16 13:12:14.000000', '2020-12-01 20:04:39.577334', 'Frans', 'frans-vd-brand-horninge'),
(124, 'Tom Janssen', '', '', '', '', '06 57907943', 'rockingdrifters@gmail.com', 0, 0, 'NL', 0, '', '', '2020-11-16 13:27:53.000000', '2020-11-24 14:46:06.235266', 'Tom', 'tom-janssen'),
(125, 'Huib Severijn', '', '', '', '', '06 17383473', 'severijnhc@gmail.com', 0, 0, 'NL', 0, '', 'Opgericht december 1999', '2020-11-16 13:42:44.000000', '2020-11-24 14:45:22.502135', 'Huib', 'huib-severijn'),
(126, 'Harold Rosso', '', '', '', '087 7847093', '', 'haroldrosso@gmail.com', 0, 0, 'NL', 0, '', '', '2020-11-16 13:53:52.000000', '2020-11-24 14:45:03.337933', 'Harold', 'harold-rosso'),
(127, 'Arie Mosies', '', '', '', '076 872461', '06 83593788', 'ariemosies@gmail.com', 0, 0, 'NL', 0, '', '', '2020-11-16 14:06:44.000000', '2020-11-24 14:44:19.085498', 'Arie', 'arie-mosies'),
(128, 'Julian Sieben', '', '', '', '', '06 83386140', '', 0, 0, 'NL', 0, '', 'contact via messenger\r\nm.me/The RockingCoasters', '2020-11-16 14:28:39.000000', '2020-11-30 22:22:31.394789', 'Julian', 'julian-sieben'),
(129, 'Hessels', 'Dijkgraaf IJffstraat 49', '1566JZ', 'Assendelft', '', '06 22538939', 'corriehessels@upcmail.nl', 9, 0, 'NL', 0, '', '', '2020-11-21 19:51:57.000000', '2020-12-01 19:54:41.435629', 'Corrie', 'hessels'),
(130, 'Groen', '', '', '', '0229505964', '', '', 1, 0, 'NL', 0, '', 'Canceled : Had voor Line dance 6 kaartjes besteld', '2020-11-22 12:27:40.000000', '2020-11-22 12:27:40.000000', '', 'slug'),
(131, 'Bieri', 'Gording 112', '1628JG', 'Hoorn', '0229', '06-83351218', 'adoe_adoe@outlook.com', 9, 0, 'NL', 0, '', '', '2020-12-01 15:48:51.000000', '2020-12-02 14:41:30.796458', 'Franklin', 'bieri');

--
-- Dumping data for table `contacts_fanclub`
--

INSERT INTO `contacts_fanclub` (`id`, `naam`, `website`, `aantal_leden`, `datum_inserted`, `datum_updated`, `contact_id`, `memo`, `slug`) VALUES
(1, 'De Doorzakkers', '', '100', '2020-08-19 14:18:21.000000', '2020-08-19 14:18:21.000000', 2, '', 'slug'),
(2, 'De Dansers', '', '50', '2020-08-19 14:19:24.000000', '2020-08-19 14:19:24.000000', 3, '', 'slug'),
(3, 'De Zingers', '', '25', '2020-08-19 14:19:49.000000', '2020-08-19 14:19:49.000000', 2, '', 'slug'),
(5, 'Hot News', '', '80', '2020-08-19 14:21:08.000000', '2020-08-19 14:21:08.000000', 22, '', 'slug'),
(6, 'The Rocking Players', '', '1236', '2020-08-19 14:21:59.000000', '2020-08-19 14:21:59.000000', 3, '', 'slug'),
(7, 'Clif and his Loanstars', '', '300', '2020-08-19 14:22:45.000000', '2020-08-19 14:22:45.000000', 4, '', 'slug'),
(8, 'De Stoel', '', '1', '2020-08-22 19:12:39.000000', '2020-08-22 19:12:39.000000', 14, '', 'slug'),
(9, 'Blackmail', '', '100', '2020-08-22 19:23:41.000000', '2020-08-22 19:23:41.000000', 15, '', 'slug'),
(10, 'The Streetrollers', 'https://thestreetrollers.webnode.nl/over-ons/', '349', '2020-08-24 15:59:01.000000', '2020-08-24 15:59:01.000000', 16, '', 'slug');

--
-- Dumping data for table `contacts_zaal`
--

INSERT INTO `contacts_zaal` (`id`, `naam`, `postcode`, `adress`, `plaats`, `telefoon`, `website`, `volt440`, `hulp_nodig`, `vergunning_vereist`, `vergunning_aangevraagd`, `vergunning_datum`, `datum_inserted`, `datum_updated`, `contact_id`, `slug`) VALUES
(1, 'Zaal Maas', '9350KL', 'Grote Markt 7', 'Groningen', '50123456789', '', 0, 0, 0, 0, '0000-00-00', '2020-08-19 15:52:48.000000', '2020-08-19 15:52:48.000000', 7, 'slug'),
(2, 'Het Huis Verloren', '1621CW', 'Kerkstraat 10b', 'Hoorn', '229210608', '', 0, 0, 0, 0, '0000-00-00', '2020-08-19 18:52:00.000000', '2020-08-19 18:52:00.000000', 8, 'slug'),
(3, 'Oosterkerk, Huiskamer van Hoorn', '1621BX', 'Grote Oost 58 – 60', 'Hoorn', '022921909', '', 0, 0, 0, 0, '2020-10-15', '2020-08-19 18:57:09.000000', '2020-08-19 18:57:09.000000', 9, 'slug'),
(4, 'Partycentrum De Witte Valk', '1689GB', 'Dorpstraat 175', 'Zwaag', '229261463', '', 0, 0, 0, 0, '0000-00-00', '2020-08-19 19:02:01.000000', '2020-08-19 19:02:01.000000', 10, 'slug'),
(5, 'Het Gouden Hoofd', '1695AJ', 'Westerblokker 80', 'Blokker', '0229-232691', '', 0, 0, 0, 0, '2020-09-07', '2020-08-22 22:44:45.000000', '2020-08-22 22:44:45.000000', 12, 'slug'),
(6, 'Muziektent Culenborg', '1111xx', 'onbekend', 'Culenborg', '', '', 0, 0, 0, 0, '2020-09-07', '2020-09-07 14:29:29.000000', '2020-09-07 14:29:29.000000', 4, 'slug'),
(7, 'Foreesterhuis', '1621BR', 'Grote Oost 43', 'Hoorn', '0228 315 511', 'www.foreesterhuis.nl', 0, 0, 0, 0, '2020-09-11', '2020-09-11 14:53:33.000000', '2020-09-11 14:53:33.000000', 25, 'slug');


--
-- Dumping data for table `contacts_cateraar`
--

INSERT INTO `contacts_cateraar` (`id`, `naam`, `soort`, `rekening_nr`, `website`, `memo`, `datum_inserted`, `datum_updated`, `contact_id`, `catering_prijs`, `slug`) VALUES
(1, 'Toko Yoko', 'Indonesisch', 'NL', '', 'Laatste keer goed', '2020-08-19 15:50:19.000000', '2020-08-19 15:50:19.000000', 6, '0.00', 'slug'),
(2, 'Dapur Jomy', 'Indisch / Indonesch', 'NL', 'https://www.facebook.com/Dapur-Jomy-104000084682444/', 'Iedere week een ander menu\r\n\r\nhttps://www.oozo.nl/bedrijven/drechterland/venhuizen/centrum-venhuizen/2001138/dapur-jomy', '2020-08-19 19:07:08.000000', '2020-08-19 19:07:08.000000', 11, '0.00', 'slug'),
(3, 'Toko2Way', 'Indisch', 'NL', '', '', '2020-08-21 19:31:58.000000', '2020-08-21 19:31:58.000000', 13, '0.00', 'slug'),
(4, 'Toko Lannie', 'Indisch', 'NL', '', '', '2020-08-23 19:30:46.000000', '2020-08-23 19:30:46.000000', 19, '1999.00', 'slug'),
(5, 'Chinese Garden', 'Chinees / hollandse pot', 'NL', '', 'Testje', '2020-08-24 17:33:37.000000', '2020-08-24 17:33:37.000000', 3, '0.00', 'slug'),
(6, 'Hap Wat', 'Snackbar', 'NL', 'http://ww.hapwat.nl', 'Test', '2020-10-09 14:18:14.000000', '2020-11-29 18:28:58.139171', 5, '0.00', 'hap-wat');


--
-- Dumping data for table `contacts_band`
--

INSERT INTO `contacts_band` (`id`, `naam`, `aantal_leden`, `instrumenten`, `technicus`, `aantal_autos`, `soort`, `bedrag`, `rekening_nr`, `website`, `memo`, `image`, `datum_inserted`, `datum_updated`, `contact_id`, `genre`, `slug`) VALUES
(1, 'The Magic Tones', '5', 0, 1, '0', 0, '0.00', 'NL', '', '', '', '2020-09-11 09:59:51.000000', '2020-09-11 09:59:51.000000', 2, '', 'slug'),
(2, 'De Stoel', '5', 0, 1, '0', 0, '0.00', 'NL', '', '', '', '2020-09-11 10:00:53.000000', '2020-09-11 10:00:53.000000', 14, '', 'slug'),
(3, 'The Rocking Players', '5', 0, 1, '2', 0, '750.00', 'NL', '', 'Gerrit Talsma                        Drum\r\nJörgen van der Hoeven       Gitaar/zang\r\nMartin Heuer                         Zang\r\nCyriel Devos                           Bas/zang\r\nStanley van der Hoeven       Gitaar/zang\r\n\r\nRock en Roll - Disco - Soul - Funk - Ned.Muziek - Indonesisch - Poco Poco', '', '2020-09-11 10:01:27.000000', '2020-11-30 20:30:58.179210', 3, '', 'the-rocking-players'),
(4, 'Blackmail', '3', 0, 1, '2', 0, '0.00', 'NL', '', 'Will Merkx            gitaar/zang\r\nJim Neyndorff      zang\r\nJim Beekman       zang\r\n\r\nCountry- en line dance muziek - soul - latin  - Indorock', '', '2020-09-11 10:02:27.000000', '2020-09-11 10:02:27.000000', 15, '', 'slug'),
(5, 'The Streetrollers', '6', 1, 1, '2', 0, '650.00', 'NL', 'https://thestreetrollers.webnode.nl/over-ons/', 'STREETROLLERS 2019\r\nAaron Meyer (zang)\r\nJerry van der Hoeven (zang / rythm)\r\nStephen van der Hoeven (solo/zang)\r\nErlo van der Hoeven (rythm)\r\nChris Toehpah (basgitaar [ zang)\r\nBuddy Woudenberg (drums)\r\n\r\n\r\nLees meer: https://thestreetrollers.webnode.nl/over-ons/', 'media/The_Streetrollers_001SR2019_def_.jpg', '2020-09-11 10:03:00.000000', '2020-09-11 10:03:00.000000', 16, 'Indo Rock / 50 ties and 60ties', 'slug'),
(6, 'Wipe Out Selection', '6', 0, 1, '2', 0, '650.00', 'NL', '', 'Richard Portier            Drums\r\nLode Simons               Leadguitar/zang\r\nPetrus Ramdaya         Keyboardl\r\nRon Poetoehena         Bassguitar\r\nBrian Leepel                 Rhythmguitar\r\nHans Jansen                Keyboard\r\n\r\n50/60 jaren muziek - Lagu-Lagu (indische traditionals) en Indo Rock', '', '2020-09-11 10:04:07.000000', '2020-09-11 10:04:07.000000', 17, '', 'slug'),
(7, 'The Mordants', '6', 0, 1, '0', 0, '0.00', 'NL', '', 'Herman Peerdeman       ritmegitaar\r\nCo Bruijns                        slagwerker\r\nFried Holtkamp               basgitaar\r\nEd Goedhart                    Toetsenist/accordeon\r\nThea Ooms                      zang\r\nDick Koster                      sologitaar/zang\r\n\r\n\r\nwww.themordants.nl        2e contact Fried Holtkamp 06 37166146', '', '2020-09-11 10:04:58.000000', '2020-09-11 10:04:58.000000', 21, '', 'slug'),
(8, 'Java Guitars Unlimited', '4', 0, 1, '0', 0, '0.00', 'NL', 'http://www.javaguitars.nl', 'Smitsweg 51\r\n3222AG Hellevoetsluis\r\n\r\n0181 324310\r\n\r\nindische@artiesten.club', '', '2020-09-11 10:10:34.000000', '2020-09-11 10:10:34.000000', 107, 'Medly', 'slug'),
(9, 'Keep on Rocking', '4', 0, 1, '1', 0, '0.00', 'NL', 'http://www.keeponrocking.nl', '', '', '2020-09-11 10:12:18.000000', '2020-09-11 10:12:18.000000', 24, 'Rock', 'slug'),
(10, 'Perwarindo (Wageningen)', '135', 0, 0, '0', 0, '1999.00', 'NL', 'https://www.facebook.com/Perwarindo-162142153899791/?ref=page_internal', 'Harnjesweg 84 (86,08 km)\r\n6706 AV Wageningen\r\n\r\ne-mail: tjio.thea@gmail.com', '', '2020-09-11 15:14:16.000000', '2020-09-11 15:14:16.000000', 26, 'Angklung orkest', 'slug'),
(12, 'DYD (Den Haag)', '142', 0, 1, '0', 0, '-0.01', 'NL', 'https://www.facebook.com/DYD-Angklung-Orchestra-134147310253275/', 'CONTACTGEGEVENS\r\nBellen 06 46598547\r\ndansayokdansa@gmail.com\r\nMEER INFO\r\nGenre\r\nIndonesian Legendary Works & Western Classical Repertoire\r\nGeboorteplaats\r\nZuid-Holland, The Netherlands\r\nInfo\r\nThe DYD Classical Traditional Angklung Orchestra. Founded in 2013 is one of the few Indonesian Angklung Chamber Orchestras based in the Netherlands.\r\nDYD Classical Traditional Angklung Orchestra\r\n\r\nFounded in the year of 2013 It is one of the few Indonesian Angklung Chamber Orchestras based in the Netherlands. ... Meer weergeven\r\nBiografie\r\nDYD Classical Traditional Angklung Orchestra\r\n\r\nFounded in the year of 2013 It is one of the few Indonesian Angklung Chamber Orchestras based in the Netherlands. ... Meer weergeven\r\ncategories\r\nMuzikant/band', '', '2020-09-15 12:32:34.000000', '2020-09-15 12:32:34.000000', 109, 'Angklung Orkest', 'slug'),
(13, 'Leni Landweer', '1', 0, 1, '0', 0, '0.00', 'NL', 'http://www.pesonaculture.com', 'https://www.s-i-d.nl/leni-angklung-speelt-het-nummer-surabaya/\r\n\r\n06 21241300', '', '2020-09-23 13:32:17.000000', '2020-09-23 13:32:17.000000', 111, 'Angklung orkest', 'slug'),
(14, 'Hot News', '6', 0, 1, '0', 0, '0.00', 'NL', '', '', '', '2020-10-19 19:07:58.000000', '2020-10-19 19:07:58.000000', 22, '50/60 jaren Rock and Roll', 'slug'),
(15, 'Hawaiian Fantasy', '20', 0, 1, '0', 0, '0.00', 'NL', '', 'Aantal dansers kan verschillen naar behoefte\r\n\r\nGage € 350,-- / € 650,--', '', '2020-10-19 19:17:49.000000', '2020-10-19 19:17:50.000000', 114, '', 'slug'),
(16, 'The Red Pack', '7', 0, 1, '0', 0, '0.00', 'NL', 'http://www.theredpack.nl', '', '', '2020-10-19 19:41:02.000000', '2020-10-19 19:41:02.000000', 115, '50/60 jaren Rock and Roll', 'slug'),
(17, 'Cliff and his Lonestars', '4', 0, 1, '0', 0, '0.00', 'NL', '', 'info@lonestars.nl\r\n\r\nwww.lonestars.nl', '', '2020-11-03 14:49:36.000000', '2020-11-03 14:49:36.000000', 116, 'Rock and Roll - country', 'slug'),
(18, 'The Blue Devils', '5', 0, 1, '2', 0, '0.00', 'NL', '', 'www.thebluedevils.nl', '', '2020-11-03 14:58:54.000000', '2020-11-03 14:58:54.000000', 117, '50/60 jaren Rock and Roll', 'slug'),
(19, 'The Bretels', '4', 0, 1, '2', 0, '0.00', 'NL', '', 'thebretels@hotmail.nl', '', '2020-11-03 15:04:56.000000', '2020-11-03 15:04:56.000000', 118, '50/60 jaren Rock and Roll', 'slug'),
(20, 'The Cosy Rockers', '6', 0, 1, '3', 0, '0.00', 'NL', 'http://www.thecosyrockers.nl', '', '', '2020-11-12 20:21:40.000000', '2020-11-12 20:21:40.000000', 122, '50/60 jaren Rock and Roll', 'slug'),
(21, 'The Eastern Aces', '5', 0, 1, '2', 0, '0.00', 'NL', 'http://www.theeasternaces.com', '', '', '2020-11-16 13:15:41.000000', '2020-11-16 13:15:41.000000', 123, 'Indo rock - 50/60 jaren', 'slug'),
(22, 'The Rocking Drifters', '4', 0, 1, '2', 0, '0.00', 'NL', 'http://www.therockingdrifters.nl', 'Bandleden:\r\n\r\nHenk Ripzaad - zang rithem gitaar\r\nJo van den Kieboom - drums\r\nTom Janssen - bas - zang\r\nRuud van der Horst - solo gitaar', '', '2020-11-16 13:30:09.000000', '2020-12-10 13:53:37.755064', 124, '50/60 jaren Rock and Roll', 'the-rocking-drifters'),
(23, 'Straight', '61', 0, 1, '3', 0, '0.00', 'NL', '', '', '', '2020-11-16 13:45:17.000000', '2020-11-16 13:45:17.000000', 125, 'Country rock - Indo rock', 'slug'),
(24, 'Affinity', '4', 0, 1, '2', 0, '0.00', 'NL', '', 'Bandleden:\r\nHarold Rosso\r\nAlex Dutrieux\r\nMartin Papilaya\r\nWelsey Marotel', '', '2020-11-16 13:55:50.000000', '2020-11-16 13:55:50.000000', 126, 'country - rock&Roll', 'slug'),
(25, 'The Rocking Teens', '3', 0, 1, '1', 0, '0.00', 'NL', '', 'Aantal leden kan verschillen. Ze treden soms op onder de naam The Rocking Teens & Friends', '', '2020-11-16 14:08:51.000000', '2020-11-16 14:08:51.000000', 127, 'Indo Rock', 'slug'),
(26, 'The Rocking Coasters', '5', 0, 1, '2', 0, '0.00', 'NL', '', 'Messenger: m.me/TheRockingCoasters\r\n\r\nBandleden:\r\n\r\nJulian Sieben - basgitaar/zang\r\nPiet Krol - drums\r\nRob Manders - sologitaar\r\nJeffrey van Helvoirt - slaggitaar/zang\r\nAd de Leeuw - zang', '', '2020-11-16 14:30:37.000000', '2020-11-16 14:30:37.000000', 128, '50/60 jaren Rock and Roll', 'slug');

COMMIT;

/*!40101 SET CHARACTER_SET_CLIENT=@OLD_CHARACTER_SET_CLIENT */;
/*!40101 SET CHARACTER_SET_RESULTS=@OLD_CHARACTER_SET_RESULTS */;
/*!40101 SET COLLATION_CONNECTION=@OLD_COLLATION_CONNECTION */;

--
-- Dumping data for table `contacts_evenement`
--

INSERT INTO `contacts_evenement` (`id`, `naam`, `datum`, `aanvang`, `einde`, `zaal_open`, `thema`, `entree_prijs`, `voorverkoop_prijs`, `zitplaatsen`, `website`, `memo`, `datum_inserted`, `datum_updated`, `band_id`, `beheerder_id`, `catering_id`, `locatie_id`, `opbrengst`, `slug`) VALUES
(1, 'Kumpulan', '2020-08-30 12:30:00.000000', '14:30:00.000000', '17:30:00.000000', '14:00:00.000000', 'Nationaal Indische dag', '17.50', '15.00', '100', '', '', '2020-09-14 15:41:21.000000', '2020-09-14 15:41:21.000000', 6, 9, 2, 3, '0.00', 'slug');

